source_id,dataset,source_brand,source_line,source_product,source_style,status,confidence,current_product_id,current_line,current_family,current_name,catalog_status,basis
p20r19,pierson_2017,FRISKIES,Classic Pates,Turkey & Giblets,,verified_name_match,1.0,friskies-pate-pate-turkey-and-giblets-dinner,Paté,Pâté,Paté Turkey & Giblets Dinner,current,manual reconciliation against current official Purina catalog
p20r20,pierson_2017,FRISKIES,Classic Pates,Poultry Platter,,verified_name_match,1.0,friskies-pate-pate-poultry-platter,Paté,Pâté,Paté Poultry Platter,current,manual reconciliation against current official Purina catalog
p20r21,pierson_2017,FRISKIES,Classic Pates,Liver & Chicken,,verified_name_match,1.0,friskies-pate-pate-liver-and-chicken-dinner,Paté,Pâté,Paté Liver & Chicken Dinner,current,manual reconciliation against current official Purina catalog
p20r22,pierson_2017,FRISKIES,Classic Pates,Mixed Grill,,verified_name_match,1.0,friskies-pate-pate-mixed-grill,Paté,Pâté,Paté Mixed Grill,current,manual reconciliation against current official Purina catalog
p20r23,pierson_2017,FRISKIES,Classic Pates,Country Style,,verified_name_match,1.0,friskies-pate-pate-country-style-dinner,Paté,Pâté,Paté Country Style Dinner,current,manual reconciliation against current official Purina catalog
p21r04,pierson_2017,FRISKIES,Classic Pates,Chicken & Tuna,,verified_name_match,1.0,friskies-pate-pate-chicken-and-tuna-dinner,Paté,Pâté,Paté Chicken & Tuna Dinner,current,manual reconciliation against current official Purina catalog
p21r05,pierson_2017,FRISKIES,Classic Pates,Supreme Supper,,unresolved,0.082,,,,,,no sufficiently strong unambiguous current-catalog match
p21r06,pierson_2017,FRISKIES,Classic Pates,Mariner’s Catch,,verified_name_match,1.0,friskies-pate-pate-mariner-s-catch,Paté,Pâté,Paté Mariner's Catch,current,manual reconciliation against current official Purina catalog
p21r07,pierson_2017,FRISKIES,Classic Pates,Sea Captain’s Choice,,verified_name_match,1.0,friskies-pate-pate-sea-captain-s-choice,Paté,Pâté,Paté Sea Captain's Choice,current,manual reconciliation against current official Purina catalog
p21r08,pierson_2017,FRISKIES,Classic Pates,Salmon,,verified_name_match,1.0,friskies-pate-pate-salmon-dinner,Paté,Pâté,Paté Salmon Dinner,current,manual reconciliation against current official Purina catalog
p21r09,pierson_2017,FRISKIES,Classic Pates,Ocean Whitefish & Tuna,,verified_name_match,1.0,friskies-pate-pate-ocean-whitefish-and-tuna-dinner,Paté,Pâté,Paté Ocean Whitefish & Tuna Dinner,current,manual reconciliation against current official Purina catalog
p21r10,pierson_2017,FRISKIES,Classic Pates,Classic Seafood,,unresolved,0.077,,,,,,no sufficiently strong unambiguous current-catalog match
p21r13,pierson_2017,FRISKIES,Savory Shreds,Chicken & Salmon Dinner in Gravy,,verified_name_match,1.0,friskies-shreds-shreds-chicken-and-salmon-dinner-in-gravy,Shreds,Shreds,Shreds Chicken & Salmon Dinner In Gravy,current,manual reconciliation against current official Purina catalog
p21r14,pierson_2017,FRISKIES,Savory Shreds,Turkey & Cheese Dinner in Gravy,,verified_name_match,1.0,friskies-shreds-shreds-turkey-and-cheese-dinner-in-gravy,Shreds,Shreds,Shreds Turkey & Cheese Dinner In Gravy,current,manual reconciliation against current official Purina catalog
p21r15,pierson_2017,FRISKIES,Savory Shreds,With Beef in Gravy,,verified_name_match,1.0,friskies-shreds-shreds-with-beef-in-gravy,Shreds,Shreds,Shreds With Beef In Gravy,current,manual reconciliation against current official Purina catalog
p21r16,pierson_2017,FRISKIES,Savory Shreds,With Chicken in Gravy,,verified_name_match,1.0,friskies-shreds-shreds-with-chicken-in-gravy,Shreds,Shreds,Shreds With Chicken In Gravy,current,manual reconciliation against current official Purina catalog
p21r17,pierson_2017,FRISKIES,Savory Shreds,With Ocean Whitefish & Tuna in Sauce,,verified_name_match,1.0,friskies-shreds-shreds-with-ocean-whitefish-and-tuna-in-sauce,Shreds,Shreds,Shreds With Ocean Whitefish & Tuna In Sauce,current,manual reconciliation against current official Purina catalog
p21r18,pierson_2017,FRISKIES,Savory Shreds,With Salmon in Sauce,,verified_name_match,1.0,friskies-shreds-shreds-with-salmon-in-sauce,Shreds,Shreds,Shreds With Salmon In Sauce,current,manual reconciliation against current official Purina catalog
p21r19,pierson_2017,FRISKIES,Savory Shreds,With Turkey & Giblets in Gravy,,verified_name_match,1.0,friskies-shreds-shreds-with-turkey-and-giblets-in-gravy,Shreds,Shreds,Shreds With Turkey & Giblets In Gravy,current,manual reconciliation against current official Purina catalog
p21r20,pierson_2017,FRISKIES,Savory Shreds,With Whitefish & Sardines in Sauce,,verified_name_match,1.0,friskies-shreds-shreds-with-whitefish-and-sardines-in-sauce,Shreds,Shreds,Shreds With Whitefish & Sardines In Sauce,current,manual reconciliation against current official Purina catalog
p21r23,pierson_2017,FRISKIES,Prime Fillets,Chicken & Tuna Dinner in Gravy,,verified_name_match,0.807,friskies-prime-filets-prime-filets-chicken-and-tuna-dinner-in-gravy,Prime Filets,Filets,Prime Filets Chicken & Tuna Dinner in Gravy,current,source recipe tokens match current official catalog entry within compatible product line
p21r24,pierson_2017,FRISKIES,Prime Fillets,Turkey Dinner in Gravy,,verified_name_match,0.755,friskies-prime-filets-prime-filets-turkey-dinner-in-gravy,Prime Filets,Filets,Prime Filets Turkey Dinner in Gravy,current,source recipe tokens match current official catalog entry within compatible product line
p21r25,pierson_2017,FRISKIES,Prime Fillets,With Beef in Gravy,,verified_name_match,0.746,friskies-prime-filets-prime-filets-with-beef-in-gravy,Prime Filets,Filets,Prime Filets With Beef in Gravy,current,source recipe tokens match current official catalog entry within compatible product line
p21r26,pierson_2017,FRISKIES,Prime Fillets,With Chicken in Gravy,,verified_name_match,0.758,friskies-prime-filets-prime-filets-with-chicken-in-gravy,Prime Filets,Filets,Prime Filets With Chicken in Gravy,current,source recipe tokens match current official catalog entry within compatible product line
p21r27,pierson_2017,FRISKIES,Prime Fillets,With Ocean Whitefish & Tuna in Sauce,,verified_name_match,0.843,friskies-prime-filets-prime-filets-with-ocean-whitefish-and-tuna-in-sauce,Prime Filets,Filets,Prime Filets With Ocean Whitefish & Tuna in Sauce,current,source recipe tokens match current official catalog entry within compatible product line
p21r28,pierson_2017,FRISKIES,Prime Fillets,With Salmon & Beef in Sauce,,verified_name_match,0.805,friskies-prime-filets-prime-filets-with-salmon-and-beef-in-sauce,Prime Filets,Filets,Prime Filets With Salmon & Beef in Sauce,current,source recipe tokens match current official catalog entry within compatible product line
p22r06,pierson_2017,FRISKIES,Tasty Treasures w/ Bacon,Chicken Dinner in Gravy,,unresolved,0.698,,,,,,no sufficiently strong unambiguous current-catalog match
p22r07,pierson_2017,FRISKIES,Tasty Treasures w/ Bacon,Turkey Dinner in Gravy,,unresolved,0.694,,,,,,no sufficiently strong unambiguous current-catalog match
p22r08,pierson_2017,FRISKIES,Tasty Treasures w/ Bacon,Chicken & Tuna Dinner in Gravy,,unresolved,0.707,,,,,,no sufficiently strong unambiguous current-catalog match
p22r09,pierson_2017,FRISKIES,Tasty Treasures w/ Bacon,Ocean Fish in Sauce,,unresolved,0.675,,,,,,no sufficiently strong unambiguous current-catalog match
p22r12,pierson_2017,FRISKIES,Tasty Treasures w/ Cheese,Beef & Liver with Cheese Pate,,unresolved,0.228,,,,,,no sufficiently strong unambiguous current-catalog match
p22r13,pierson_2017,FRISKIES,Tasty Treasures w/ Cheese,Chicken & Ocean Fish Dinner with Cheese Pate,,unresolved,0.331,,,,,,no sufficiently strong unambiguous current-catalog match
p22r14,pierson_2017,FRISKIES,Tasty Treasures w/ Cheese,Ocean Fish Dinner with Cheese Pate,,unresolved,0.381,,,,,,no sufficiently strong unambiguous current-catalog match
p22r15,pierson_2017,FRISKIES,Tasty Treasures w/ Cheese,Turkey & Chicken Dinner with Cheese Pate,,unresolved,0.248,,,,,,no sufficiently strong unambiguous current-catalog match
p22r16,pierson_2017,FRISKIES,Tasty Treasures w/ Cheese,With Chicien & Cheese in Gravy,,unresolved,0.287,,,,,,no sufficiently strong unambiguous current-catalog match
p22r17,pierson_2017,FRISKIES,Tasty Treasures w/ Cheese,"With Chicken, Tuna & Cheese in Gravy",,unresolved,0.566,,,,,,no sufficiently strong unambiguous current-catalog match
p22r18,pierson_2017,FRISKIES,Tasty Treasures w/ Cheese,"With Ocean Fish, Tuna, & Cheese in Sauce",,unresolved,0.621,,,,,,no sufficiently strong unambiguous current-catalog match
p22r19,pierson_2017,FRISKIES,Tasty Treasures w/ Cheese,WIth Turkey & Cheese in Gravy,,unresolved,0.522,,,,,,no sufficiently strong unambiguous current-catalog match
p22r22,pierson_2017,FRISKIES,Meaty Bits,Chicken Dinner in Gravy,,verified_name_match,0.766,friskies-meaty-bits-meaty-bits-chicken-dinner-in-gravy,Meaty Bits,Bites,Meaty Bits Chicken Dinner in Gravy,current,source recipe tokens match current official catalog entry within compatible product line
p23r04,pierson_2017,FRISKIES,SauceSations,Chicken & Turkey Dinner in Cheesy Sauce,,unresolved,0.0,,,,,,no compatible current-catalog candidate
p23r05,pierson_2017,FRISKIES,SauceSations,Chicken Dinner in Garden Sauce,,unresolved,0.0,,,,,,no compatible current-catalog candidate
p23r06,pierson_2017,FRISKIES,SauceSations,Turkey & Giblets Dinner in Homestyle Sauce,,unresolved,0.0,,,,,,no compatible current-catalog candidate
p23r07,pierson_2017,FRISKIES,SauceSations,With Beef in Creamy Sauce,,unresolved,0.0,,,,,,no compatible current-catalog candidate
p23r08,pierson_2017,FRISKIES,SauceSations,With Beef in Garden Sauce,,unresolved,0.0,,,,,,no compatible current-catalog candidate
p23r09,pierson_2017,FRISKIES,SauceSations,With Salmon & Tuna in Creamy Sauce,,unresolved,0.0,,,,,,no compatible current-catalog candidate
p23r12,pierson_2017,FRISKIES,Indoor,Chicken Dinner w/Garden Greens Pate,,verified_name_match,0.731,friskies-indoor-indoor-pate-chicken-dinner-with-garden-greens,Indoor,Pâté,Indoor Pate Chicken Dinner With Garden Greens,current,source recipe tokens match current official catalog entry within compatible product line
p23r13,pierson_2017,FRISKIES,Indoor,Chunky Chicken & Turkey Casserol w/Garden Greens in Gravy,,unresolved,0.666,,,,,,no sufficiently strong unambiguous current-catalog match
p23r14,pierson_2017,FRISKIES,Indoor,Classic Pate Salmon Dinner w/Garden Greens,,unresolved,0.486,,,,,,no sufficiently strong unambiguous current-catalog match
p23r15,pierson_2017,FRISKIES,Indoor,Flaked Ocean Whitefish Dinner w/Garden Greens in Sauce,,verified_name_match,0.829,friskies-indoor-indoor-flaked-ocean-whitefish-dinner-with-garden-greens-in-sauce,Indoor,Flaked,Indoor Flaked Ocean Whitefish Dinner With Garden Greens in Sauce,current,source recipe tokens match current official catalog entry within compatible product line
p23r16,pierson_2017,FRISKIES,Indoor,Homestyle Turkey Dinner w/ Garden Greens in Gravy,,verified_name_match,0.726,friskies-indoor-indoor-meaty-bits-homestyle-turkey-dinner-with-garden-greens-in-gravy,Indoor,Bites,Indoor Meaty Bits Homestyle Turkey Dinner With Garden Greens in Gravy,current,source recipe tokens match current official catalog entry within compatible product line
p23r17,pierson_2017,FRISKIES,Indoor,Saucy Seafood Bake w/ Garden Greens in Sauce,,verified_name_match,0.754,friskies-indoor-indoor-meaty-bits-saucy-seafood-bake-with-garden-greens-in-sauce,Indoor,Bites,Indoor Meaty Bits Saucy Seafood Bake With Garden Greens in Sauce,current,source recipe tokens match current official catalog entry within compatible product line
p23r20,pierson_2017,FRISKIES,Cat Concoctions,Scrumptious Salmon & Chicken Liver Dinner Pate,,unresolved,0.0,,,,,,no compatible current-catalog candidate
p23r21,pierson_2017,FRISKIES,Cat Concoctions,With Chicken in Creamy Crabby Sauce,,unresolved,0.0,,,,,,no compatible current-catalog candidate
p23r22,pierson_2017,FRISKIES,Cat Concoctions,With Cod in Cheesy Bacon Flavored Sauce,,unresolved,0.0,,,,,,no compatible current-catalog candidate
p23r23,pierson_2017,FRISKIES,Cat Concoctions,With Lamb in Clam Flavored Sauce,,unresolved,0.0,,,,,,no compatible current-catalog candidate
p24r06,pierson_2017,FRISKIES,Gravy Sensations,With Beef & Chicken in Gravy,,unresolved,0.272,,,,,,no sufficiently strong unambiguous current-catalog match
p24r07,pierson_2017,FRISKIES,Gravy Sensations,With Chicken in Gravy,,unresolved,0.362,,,,,,no sufficiently strong unambiguous current-catalog match
p24r08,pierson_2017,FRISKIES,Gravy Sensations,WIth Ocean Whitefish & Tuna in Gravy,,verified_name_match,0.881,friskies-gravy-sensations-gravy-sensations-with-ocean-whitefish-and-tuna-in-gravy,Gravy Sensations,Gravy,Gravy Sensations With Ocean Whitefish & Tuna In Gravy,current,source recipe tokens match current official catalog entry within compatible product line
p24r09,pierson_2017,FRISKIES,Gravy Sensations,With Salmon in Gravy,,unresolved,0.356,,,,,,no sufficiently strong unambiguous current-catalog match
p24r10,pierson_2017,FRISKIES,Gravy Sensations,With Tuna in Gravy,,unresolved,0.665,,,,,,no sufficiently strong unambiguous current-catalog match
p24r11,pierson_2017,FRISKIES,Gravy Sensations,With Turkey & Giblets in Gravy,,unresolved,0.251,,,,,,no sufficiently strong unambiguous current-catalog match
p24r14,pierson_2017,FRISKIES,Flaked,With Tuna,,unresolved,0.566,,,,,,no sufficiently strong unambiguous current-catalog match
p24r15,pierson_2017,FRISKIES,Flaked,With Tuna & Egg,,unresolved,0.345,,,,,,no sufficiently strong unambiguous current-catalog match
fdsgw-p09r03,fdsg_wet,Friskies/ Purina,Indoor,Chicken Dinner with Garden Greens,Pate,verified_name_match,0.872,friskies-indoor-indoor-pate-chicken-dinner-with-garden-greens,Indoor,Pâté,Indoor Pate Chicken Dinner With Garden Greens,current,source recipe tokens match current official catalog entry within compatible product line
fdsgw-p09r04,fdsg_wet,Friskies/ Purina,Pate,Chef's Dinner,Pate,unresolved,0.418,,,,,,no sufficiently strong unambiguous current-catalog match
fdsgw-p09r05,fdsg_wet,Friskies/ Purina,Pate,Chicken,Pate,unresolved,0.807,,,,,,no sufficiently strong unambiguous current-catalog match
fdsgw-p09r06,fdsg_wet,Friskies/ Purina,Pate,Ocean Whitefish & Tuna,Pate,verified_name_match,0.96,friskies-pate-pate-ocean-whitefish-and-tuna-dinner,Paté,Pâté,Paté Ocean Whitefish & Tuna Dinner,current,source recipe tokens match current official catalog entry within compatible product line
fdsgw-p09r07,fdsg_wet,Friskies/ Purina,Pate,Salmon,Pate,verified_name_match,0.909,friskies-pate-pate-salmon-dinner,Paté,Pâté,Paté Salmon Dinner,current,source recipe tokens match current official catalog entry within compatible product line
fdsgw-p09r08,fdsg_wet,Friskies/ Purina,Pate,Seafood Supreme,Pate,unresolved,0.289,,,,,,no sufficiently strong unambiguous current-catalog match
fdsgw-p09r09,fdsg_wet,Friskies/ Purina,Pate,Turkey & Giblets,Pate,verified_name_match,0.947,friskies-pate-pate-turkey-and-giblets-dinner,Paté,Pâté,Paté Turkey & Giblets Dinner,current,source recipe tokens match current official catalog entry within compatible product line
fdsgw-p09r10,fdsg_wet,Friskies/ Purina,Pate with Extra Gravy,Chicken,Pate with Gravy,verified_name_match,0.821,friskies-extra-gravy-extra-gravy-pate-with-chicken-in-savory-gravy,Extra Gravy,Pâté,Extra Gravy Paté With Chicken In Savory Gravy,current,source recipe tokens match current official catalog entry within compatible product line
fdsgw-p09r11,fdsg_wet,Friskies/ Purina,Pate with Extra Gravy,Salmon,Pate with Gravy,verified_name_match,0.817,friskies-extra-gravy-extra-gravy-pate-with-salmon-in-savory-gravy,Extra Gravy,Pâté,Extra Gravy Paté With Salmon In Savory Gravy,current,source recipe tokens match current official catalog entry within compatible product line
fdsgw-p09r12,fdsg_wet,Friskies/ Purina,Pate with Extra Gravy,Tuna,Pate with Gravy,verified_name_match,0.836,friskies-extra-gravy-extra-gravy-pate-with-tuna-in-savory-gravy,Extra Gravy,Pâté,Extra Gravy Paté With Tuna In Savory Gravy,current,source recipe tokens match current official catalog entry within compatible product line
fdsgw-p10r01,fdsg_wet,Friskies/ Purina,Pate with Extra Gravy,Turkey,Pate with Gravy,verified_name_match,0.817,friskies-extra-gravy-extra-gravy-pate-with-turkey-in-savory-gravy,Extra Gravy,Pâté,Extra Gravy Paté With Turkey In Savory Gravy,current,source recipe tokens match current official catalog entry within compatible product line
