source_id,dataset,source_line,source_product,source_style,status,confidence,current_product_id,current_line,current_family,current_name,verified_on,fpuo
p53r20,pierson_2017,Chicken (no fish),Puka Puka Luau,,verified_legacy_match,0.98,tiki-luau-whole-foods-puka-puka-luau-succulent-chicken-in-chicken-consomme,Luau,Whole Foods,Puka Puka Luau Succulent Chicken in Chicken Consommé,2026-09-26,False
p53r21,pierson_2017,Chicken (no fish),Koolina Luau,,verified_legacy_match,0.98,tiki-luau-whole-foods-koolina-luau-chicken-and-egg-in-chicken-consomme,Luau,Whole Foods,Koolina Luau Chicken & Egg in Chicken Consommé,2026-09-26,False
p53r24,pierson_2017,Chicken/Fish,Hookena Luau,,verified_legacy_match,0.98,tiki-luau-whole-foods-hookena-luau-ahi-tuna-and-chicken-chicken-in-chicken-consomme,Luau,Whole Foods,Hookena Luau Ahi Tuna & Chicken Chicken in Chicken Consommé,2026-09-26,False
p53r25,pierson_2017,Chicken/Fish,Napili Luau,,verified_legacy_match,0.98,tiki-luau-whole-foods-napili-luau-wild-salmon-and-chicken-in-chicken-consomme,Luau,Whole Foods,Napili Luau Wild Salmon & Chicken in Chicken Consommé,2026-09-26,False
p53r28,pierson_2017,Fish/Seafood,Bora Bora Luau,,verified_legacy_match,0.98,tiki-grill-whole-foods-bora-bora-grill-sardine-cutlets-in-lobster-consomme-in-lobster-consomme,Grill,Whole Foods,Bora Bora Grill Sardine Cutlets in Lobster Consomme in Lobster Consommé,2026-09-26,False
p53r29,pierson_2017,Fish/Seafood,Hana Luau,,verified_legacy_match,0.98,tiki-grill-whole-foods-hana-grill-ahi-tuna-and-crab-in-broth-in-tuna-consomme,Grill,Whole Foods,Hana Grill Ahi Tuna & Crab in Broth in Tuna Consommé,2026-09-26,False
p54r04,pierson_2017,Fish/Seafood,Hanalei Luau,,verified_legacy_match,0.98,tiki-luau-whole-foods-hanalei-luau-wild-salmon-in-salmon-consomme,Luau,Whole Foods,Hanalei Luau Wild Salmon in Salmon Consommé,2026-09-26,False
p54r05,pierson_2017,Fish/Seafood,Honolulu Luau,,unresolved,0.307,,,,,,False
p54r06,pierson_2017,Fish/Seafood,Lanai Luau,,unresolved,0.369,,,,,,False
p54r07,pierson_2017,Fish/Seafood,Makaha Luau,,verified_legacy_match,0.98,tiki-grill-whole-foods-lanai-grill-tuna-and-crab-surimi-in-crab-surimi-consomme,Grill,Whole Foods,Lanai Grill Tuna & Crab Surimi in Crab Surimi Consommé,2026-09-26,False
p54r08,pierson_2017,Fish/Seafood,Manana Grill,,verified_legacy_match,0.98,tiki-grill-whole-foods-manana-grill-ahi-tuna-and-prawns-in-broth-in-tuna-consomme,Grill,Whole Foods,Manana Grill Ahi Tuna & Prawns in Broth in Tuna Consommé,2026-09-26,False
p54r09,pierson_2017,Fish/Seafood,Molokai Luau,,unresolved,0.356,,,,,,False
p54r10,pierson_2017,Fish/Seafood,Papeekeo Luau,,verified_legacy_match,0.98,tiki-luau-whole-foods-papeekeo-luau-ahi-tuna-and-mackerel-in-tuna-consomme,Luau,Whole Foods,Papeekeo Luau Ahi Tuna & Mackerel in Tuna Consommé,2026-09-26,False
p54r11,pierson_2017,Fish/Seafood,Tahitian Grill,,verified_legacy_match,0.98,tiki-grill-whole-foods-tahitian-grill-sardine-cutlets-in-sardine-consomme,Grill,Whole Foods,Tahitian Grill Sardine Cutlets in Sardine Consomme,2026-09-26,False
p54r12,pierson_2017,Fish/Seafood,Waikiki Luau,,unresolved,0.334,,,,,,False
p54r13,pierson_2017,Fish/Seafood,Waimea Luau,,unresolved,0.339,,,,,,False
p54r16,pierson_2017,Gourmet Carnivore,Chicken and Liver,,unresolved,0.0,,,,,,False
p54r17,pierson_2017,Gourmet Carnivore,Chicken with Turkey,,unresolved,0.0,,,,,,False
p54r18,pierson_2017,Gourmet Carnivore,Chicken with Duck,,unresolved,0.0,,,,,,False
p54r19,pierson_2017,Gourmet Carnivore,Beef Liver and Chicken,,unresolved,0.0,,,,,,False
p54r20,pierson_2017,Gourmet Carnivore,Beef and Liver,,unresolved,0.0,,,,,,False
p54r21,pierson_2017,Gourmet Carnivore,Beef Liver and Lamb,,unresolved,0.0,,,,,,False
p54r22,pierson_2017,Gourmet Carnivore,Tilapia,,unresolved,0.0,,,,,,False
p54r23,pierson_2017,Gourmet Carnivore,Seabass,,unresolved,0.0,,,,,,False
p54r24,pierson_2017,Gourmet Carnivore,Bonito Tuna,,unresolved,0.0,,,,,,False
p54r27,pierson_2017,Gourmet Carnivore,Chicken/Turkey & Rice,,unresolved,0.0,,,,,,False
p54r28,pierson_2017,Gourmet Carnivore,Turkey & Giblets,,unresolved,0.0,,,,,,False
p54r29,pierson_2017,Gourmet Carnivore,"Ocean Fish, Salmon & Rice",,unresolved,0.0,,,,,,False
p54r30,pierson_2017,Gourmet Carnivore,Tuna - Supplemental diet ONLY,,unresolved,0.0,,,,,,False
fdsgw-p36r08,fdsg_wet,After Dark,Beef & Beef Liver,Pate,verified_name_match,1.0,tiki-after-dark-soft-pate-pate-beef-and-beef-liver-recipe,After Dark,Soft Pâté,Pâté Beef & Beef Liver Recipe,2026-09-26,True
fdsgw-p36r09,fdsg_wet,After Dark,Beef & Beef Liver,Soft Pate,verified_name_match,1.0,tiki-after-dark-soft-pate-pate-beef-and-beef-liver-recipe,After Dark,Soft Pâté,Pâté Beef & Beef Liver Recipe,2026-09-26,True
fdsgw-p36r10,fdsg_wet,After Dark,"Chicken & Beef in Broth, 2.8 oz/ 5.5 oz.",Shreds,verified_name_match,1.0,tiki-after-dark-whole-foods-whole-foods-chicken-and-beef-recipe-in-broth,After Dark,Whole Foods,Whole Foods Chicken & Beef Recipe in Broth,2026-09-26,True
fdsgw-p36r11,fdsg_wet,After Dark,"Chicken & Duck in Broth, 2.8 oz/ 5.5 oz.",Shreds,verified_name_match,1.0,tiki-after-dark-whole-foods-whole-foods-chicken-and-duck-recipe-in-broth,After Dark,Whole Foods,Whole Foods Chicken & Duck Recipe in Broth,2026-09-26,True
fdsgw-p36r12,fdsg_wet,After Dark,"Chicken & Lamb in Broth, 2.8 oz/ 5.5 oz.",Shreds,verified_name_match,1.0,tiki-after-dark-whole-foods-whole-foods-chicken-and-lamb-recipe-in-broth,After Dark,Whole Foods,Whole Foods Chicken & Lamb Recipe in Broth,2026-09-26,True
fdsgw-p37r01,fdsg_wet,After Dark,"Chicken & Pork in Broth, 2.8 oz/ 5.5 oz.",Shreds,verified_name_match,1.0,tiki-after-dark-whole-foods-whole-foods-chicken-and-pork-recipe-in-broth,After Dark,Whole Foods,Whole Foods Chicken & Pork Recipe in Broth,2026-09-26,True
fdsgw-p37r02,fdsg_wet,After Dark,"Chicken & Quail Egg in Broth, 2.8 oz/ 5.5 oz.",Shreds,verified_name_match,1.0,tiki-after-dark-whole-foods-whole-foods-chicken-and-quail-egg-recipe-in-broth,After Dark,Whole Foods,Whole Foods Chicken & Quail Egg Recipe in Broth,2026-09-26,True
fdsgw-p37r03,fdsg_wet,After Dark,"Chicken in Broth, 2.8 oz/ 5.5 oz.",Shreds,verified_name_match,1.0,tiki-after-dark-whole-foods-whole-foods-chicken-recipe-in-broth,After Dark,Whole Foods,Whole Foods Chicken Recipe in Broth,2026-09-26,True
fdsgw-p37r04,fdsg_wet,After Dark,Duck & Chicken Liver,Pate,verified_name_match,1.0,tiki-after-dark-soft-pate-pate-duck-and-chicken-liver-recipe,After Dark,Soft Pâté,Pâté Duck & Chicken Liver Recipe,2026-09-26,True
fdsgw-p37r05,fdsg_wet,After Dark,Rabbit & Chicken Liver,Pate,verified_name_match,1.0,tiki-after-dark-soft-pate-pate-rabbit-and-chicken-liver-recipe,After Dark,Soft Pâté,Pâté Rabbit & Chicken Liver Recipe,2026-09-26,True
fdsgw-p37r06,fdsg_wet,After Dark,Venison & Beef Liver,Pate,verified_name_match,1.0,tiki-after-dark-soft-pate-pate-venison-and-beef-liver-recipe,After Dark,Soft Pâté,Pâté Venison & Beef Liver Recipe,2026-09-26,True
fdsgw-p37r07,fdsg_wet,After Dark Pate+,Chicken & Beef in Chicken Broth,Pate,verified_name_match,1.0,tiki-after-dark-pate-pate-chicken-and-beef-recipe-in-chicken-broth,After Dark,Pâté+,Pâté Chicken & Beef Recipe in Chicken Broth,2026-09-26,True
fdsgw-p37r08,fdsg_wet,After Dark Pate+,Chicken & Duck in Chicken Broth,Pate,verified_name_match,1.0,tiki-after-dark-pate-pate-chicken-and-duck-recipe-in-chicken-broth,After Dark,Pâté+,Pâté Chicken & Duck Recipe in Chicken Broth,2026-09-26,True
fdsgw-p37r09,fdsg_wet,After Dark Pate+,Chicken & Quail Egg in Chicken Broth,Pate,verified_name_match,1.0,tiki-after-dark-pate-pate-chicken-and-quail-egg-recipe-in-chicken-broth,After Dark,Pâté+,Pâté Chicken & Quail Egg Recipe in Chicken Broth,2026-09-26,True
fdsgw-p37r10,fdsg_wet,After Dark Pate+,Chicken in Chicken Broth,Pate,verified_name_match,1.0,tiki-after-dark-pate-pate-chicken-recipe-in-chicken-broth,After Dark,Pâté+,Pâté Chicken Recipe in Chicken Broth,2026-09-26,True
fdsgw-p37r11,fdsg_wet,After Dark Soft Pate,Beef & Beef Liver,Pate,verified_name_match,1.0,tiki-after-dark-soft-pate-pate-beef-and-beef-liver-recipe,After Dark,Soft Pâté,Pâté Beef & Beef Liver Recipe,2026-09-26,True
fdsgw-p37r12,fdsg_wet,After Dark Soft Pate,"Chicken, Chicken Liver & Quail",Pate,verified_name_match,1.0,tiki-after-dark-soft-pate-pate-chicken-chicken-liver-and-quail-recipe,After Dark,Soft Pâté,"Pâté Chicken, Chicken Liver & Quail Recipe",2026-09-26,True
fdsgw-p38r01,fdsg_wet,After Dark Soft Pate,Duck & Chicken Liver,Pate,verified_name_match,1.0,tiki-after-dark-soft-pate-pate-duck-and-chicken-liver-recipe,After Dark,Soft Pâté,Pâté Duck & Chicken Liver Recipe,2026-09-26,True
fdsgw-p38r02,fdsg_wet,After Dark Soft Pate,Lamb & Beef Liver,Pate,verified_name_match,1.0,tiki-after-dark-soft-pate-pate-lamb-and-beef-liver-recipe,After Dark,Soft Pâté,Pâté Lamb & Beef Liver Recipe,2026-09-26,True
fdsgw-p38r03,fdsg_wet,After Dark Soft Pate,Rabbit & Chicken Liver,Pate,verified_name_match,1.0,tiki-after-dark-soft-pate-pate-rabbit-and-chicken-liver-recipe,After Dark,Soft Pâté,Pâté Rabbit & Chicken Liver Recipe,2026-09-26,True
fdsgw-p38r04,fdsg_wet,After Dark Soft Pate,Turkey & Turkey Giblets,Pate,verified_name_match,1.0,tiki-after-dark-soft-pate-pate-turkey-and-turkey-liver-recipe,After Dark,Soft Pâté,Pâté Turkey & Turkey Liver Recipe,2026-09-26,True
fdsgw-p38r05,fdsg_wet,After Dark Soft Pate,Venison & Beef Liver,Pate,verified_name_match,1.0,tiki-after-dark-soft-pate-pate-venison-and-beef-liver-recipe,After Dark,Soft Pâté,Pâté Venison & Beef Liver Recipe,2026-09-26,True
fdsgw-p38r06,fdsg_wet,After Dark Velvet Mousse,Chicken & Beef in Chicken Broth,Mousse,verified_name_match,1.0,tiki-after-dark-velvet-mousse-velvet-mousse-chicken-and-beef-recipe-in-chicken-broth,After Dark,Velvet Mousse,Velvet Mousse Chicken & Beef Recipe in Chicken Broth,2026-09-26,True
fdsgw-p38r07,fdsg_wet,After Dark Velvet Mousse,Chicken & Duck in Chicken Broth,Mousse,verified_name_match,1.0,tiki-after-dark-velvet-mousse-velvet-mousse-chicken-and-duck-recipe-in-chicken-broth,After Dark,Velvet Mousse,Velvet Mousse Chicken & Duck Recipe in Chicken Broth,2026-09-26,True
fdsgw-p38r08,fdsg_wet,After Dark Velvet Mousse,Chicken & Quail Egg in Chicken Broth,Mousse,verified_name_match,1.0,tiki-after-dark-velvet-mousse-velvet-mousse-chicken-and-quail-egg-recipe-in-chicken-broth,After Dark,Velvet Mousse,Velvet Mousse Chicken & Quail Egg Recipe in Chicken Broth,2026-09-26,True
fdsgw-p38r09,fdsg_wet,After Dark Velvet Mousse,Chicken in Chicken Broth,Mousse,verified_name_match,1.0,tiki-after-dark-velvet-mousse-velvet-mousse-chicken-recipe-in-chicken-broth,After Dark,Velvet Mousse,Velvet Mousse Chicken Recipe in Chicken Broth,2026-09-26,True
fdsgw-p38r10,fdsg_wet,Aloha Friends,Chicken & Pumpkin in Broth,Bits,verified_name_match,1.0,tiki-friends-mousse-chicken-and-pumpkin-recipe-in-broth,Friends,Mousse,Chicken & Pumpkin Recipe in Broth,2026-09-26,True
fdsgw-p38r11,fdsg_wet,Aloha Friends,"Chicken, Pumpkin & Beef in Broth",Bits,unresolved,0.611,,,,,,True
fdsgw-p38r12,fdsg_wet,Aloha Friends,"Chicken, Pumpkin & Duck in Broth",Bits,verified_name_match,1.0,tiki-friends-mousse-chicken-pumpkin-and-duck-recipe-in-broth,Friends,Mousse,"Chicken, Pumpkin & Duck Recipe in Broth",2026-09-26,True
fdsgw-p39r01,fdsg_wet,Aloha Friends,"Chicken, Pumpkin & Egg in Broth",Bits,unresolved,0.617,,,,,,True
fdsgw-p39r02,fdsg_wet,Aloha Friends,"Chicken, Pumpkin & Lamb in Broth",Bits,verified_name_match,1.0,tiki-friends-mousse-chicken-pumpkin-and-lamb-recipe-in-broth,Friends,Mousse,"Chicken, Pumpkin & Lamb Recipe in Broth",2026-09-26,True
fdsgw-p39r03,fdsg_wet,Aloha Friends,"Tuna & Pumpkin in Broth, 3 oz/ 5.5 oz",Bits,verified_name_match,1.0,tiki-friends-mousse-tuna-and-pumpkin-recipe-in-broth,Friends,Mousse,Tuna & Pumpkin Recipe in Broth,2026-09-26,True
fdsgw-p39r04,fdsg_wet,Aloha Friends,"Tuna, Calamari & Pumpkin in Broth, 3 oz/ 5.5 oz",Bits,unresolved,0.442,,,,,,True
fdsgw-p39r05,fdsg_wet,Aloha Friends,"Tuna, Ocean Whitefish & Pumpkin in Broth, 3 oz/ 5.5 oz",Bits,verified_name_match,1.0,tiki-friends-minced-tuna-ocean-whitefish-and-pumpkin-recipe-in-broth,Friends,Minced,"Tuna, Ocean Whitefish & Pumpkin Recipe in Broth",2026-09-26,True
fdsgw-p39r06,fdsg_wet,Aloha Friends,"Tuna, Shrimp & Pumpkin Recipe in Broth, 3 oz/5.5 oz",Bits,verified_name_match,1.0,tiki-friends-minced-tuna-shrimp-and-pumpkin-recipe-in-broth,Friends,Minced,"Tuna, Shrimp & Pumpkin Recipe in Broth",2026-09-26,True
fdsgw-p39r07,fdsg_wet,Aloha Friends,"Tuna, Tilapia & Pumpkin in Broth, 3 oz/5.5 oz",Bits,verified_name_match,1.0,tiki-friends-minced-tuna-tilapia-and-pumpkin-recipe-in-broth,Friends,Minced,"Tuna, Tilapia & Pumpkin Recipe in Broth",2026-09-26,True
fdsgw-p39r08,fdsg_wet,Baby,Chicken & Egg,Bits,verified_name_match,1.0,tiki-baby-whole-foods-whole-foods-chicken-and-egg-recipe,Baby,Whole Foods,Whole Foods Chicken & Egg Recipe,2026-09-26,True
fdsgw-p39r09,fdsg_wet,Baby,Chicken & Salmon,Bits,verified_name_match,1.0,tiki-baby-whole-foods-whole-foods-chicken-and-salmon-recipe,Baby,Whole Foods,Whole Foods Chicken & Salmon Recipe,2026-09-26,True
fdsgw-p39r10,fdsg_wet,Baby,"Chicken, Salmon & Chicken Liver",Mousse & Shreds,verified_name_match,1.0,tiki-silver-mousse-and-shreds-mousse-and-shreds-chicken-salmon-and-chicken-liver-recipe,Silver,Mousse & Shreds,"Mousse & Shreds Chicken, Salmon & Chicken Liver Recipe",2026-09-26,True
fdsgw-p39r11,fdsg_wet,Baby,"Thrive Plus Chicken, Salmon & Chicken Liver",,unresolved,0.733,,,,,,True
fdsgw-p39r12,fdsg_wet,Grill,Ahi Tuna,Bits,verified_name_match,1.0,tiki-grill-whole-foods-hawaiian-grill-ahi-tuna,Grill,Whole Foods,Hawaiian Grill Ahi Tuna,2026-09-26,True
fdsgw-p40r01,fdsg_wet,Grill,Ahi Tuna & Crab in Broth,Bits,verified_name_match,1.0,tiki-grill-whole-foods-hana-grill-ahi-tuna-and-crab-in-broth-in-tuna-consomme,Grill,Whole Foods,Hana Grill Ahi Tuna & Crab in Broth in Tuna Consommé,2026-09-26,True
fdsgw-p40r02,fdsg_wet,Grill,Ahi Tuna & Prawns in Broth,Bits,verified_name_match,1.0,tiki-grill-whole-foods-manana-grill-ahi-tuna-and-prawns-in-broth-in-tuna-consomme,Grill,Whole Foods,Manana Grill Ahi Tuna & Prawns in Broth in Tuna Consommé,2026-09-26,True
fdsgw-p40r03,fdsg_wet,Grill,Mackerel & Sardine in Calamari Consommé,Bits,verified_name_match,1.0,tiki-grill-whole-foods-makaha-grill-mackerel-and-sardines-in-calamari-consomme,Grill,Whole Foods,Makaha Grill Mackerel & Sardines in Calamari Consommé,2026-09-26,True
fdsgw-p40r04,fdsg_wet,Grill,Mackerel & Sardines in Broth,Pate/ Finely Minced,verified_name_match,1.0,tiki-grill-pate-mackerel-and-sardines-pate,Grill,Pâté,Mackerel & Sardines Pate,2026-09-26,True
fdsgw-p40r05,fdsg_wet,Grill,Sardine Curlets in Lobster Consummé,Bits,verified_name_match,1.0,tiki-grill-whole-foods-bora-bora-grill-sardine-cutlets-in-lobster-consomme-in-lobster-consomme,Grill,Whole Foods,Bora Bora Grill Sardine Cutlets in Lobster Consomme in Lobster Consommé,2026-09-26,True
fdsgw-p40r06,fdsg_wet,Grill,Sardine Cutlets in Sardine Consummé,Bits,verified_name_match,1.0,tiki-grill-whole-foods-tahitian-grill-sardine-cutlets-in-sardine-consomme,Grill,Whole Foods,Tahitian Grill Sardine Cutlets in Sardine Consomme,2026-09-26,True
fdsgw-p40r07,fdsg_wet,Grill,Sardines & Lobster Consomme in Broth,Pate/ Finely Minced,verified_name_match,1.0,tiki-grill-pate-sardines-and-lobster-consomme-pate,Grill,Pâté,Sardines & Lobster Consomme Pate,2026-09-26,True
fdsgw-p40r08,fdsg_wet,Grill,Sardines in Sardine Broth,Pate/ Finely Minced,verified_name_match,1.0,tiki-grill-pate-sardines-pate,Grill,Pâté,Sardines Pate,2026-09-26,True
fdsgw-p40r09,fdsg_wet,Grill,Tuna & Crab in Tuna Broth,Pate/ Finely Minced,verified_name_match,1.0,tiki-grill-pate-tuna-and-crab-pate,Grill,Pâté,Tuna & Crab Pate,2026-09-26,True
fdsgw-p40r10,fdsg_wet,Grill,Tuna & Crab Surimi in Broth,Bits,verified_name_match,1.0,tiki-grill-whole-foods-lanai-grill-tuna-and-crab-surimi-in-crab-surimi-consomme,Grill,Whole Foods,Lanai Grill Tuna & Crab Surimi in Crab Surimi Consommé,2026-09-26,True
fdsgw-p40r11,fdsg_wet,Grill,Tuna & Crab Surimi in Tuna Broth,Pate/ Finely Minced,verified_name_match,1.0,tiki-grill-pate-tuna-and-crab-surimi-pate,Grill,Pâté,Tuna & Crab Surimi Pate,2026-09-26,True
fdsgw-p40r12,fdsg_wet,Grill,Tuna & Prawn in Tuna Broth,Pate/ Finely Minced,verified_name_match,1.0,tiki-grill-pate-tuna-and-prawn-pate,Grill,Pâté,Tuna & Prawn Pate,2026-09-26,True
fdsgw-p41r01,fdsg_wet,Luau,Ahi Tuna & Chicken,Shreds and Bits,verified_name_match,1.0,tiki-luau-whole-foods-hookena-luau-ahi-tuna-and-chicken-chicken-in-chicken-consomme,Luau,Whole Foods,Hookena Luau Ahi Tuna & Chicken Chicken in Chicken Consommé,2026-09-26,True
fdsgw-p41r02,fdsg_wet,Luau,Ahi Tuna & Mackerel,Shreds and Bits,verified_name_match,1.0,tiki-luau-whole-foods-papeekeo-luau-ahi-tuna-and-mackerel-in-tuna-consomme,Luau,Whole Foods,Papeekeo Luau Ahi Tuna & Mackerel in Tuna Consommé,2026-09-26,True
fdsgw-p41r03,fdsg_wet,Luau,Chicken & Egg,Shreds and Bits,verified_name_match,1.0,tiki-luau-whole-foods-koolina-luau-chicken-and-egg-in-chicken-consomme,Luau,Whole Foods,Koolina Luau Chicken & Egg in Chicken Consommé,2026-09-26,True
fdsgw-p41r04,fdsg_wet,Luau,Seabass,Shreds and Bits,verified_name_match,1.0,tiki-luau-whole-foods-oahu-luau-seabass-in-seabass-consomme,Luau,Whole Foods,Oahu Luau Seabass in Seabass Consommé,2026-09-26,True
fdsgw-p41r05,fdsg_wet,Luau,Succulent Chicken,Shreds and Bits,verified_name_match,1.0,tiki-luau-whole-foods-puka-puka-luau-succulent-chicken-in-chicken-consomme,Luau,Whole Foods,Puka Puka Luau Succulent Chicken in Chicken Consommé,2026-09-26,True
fdsgw-p41r06,fdsg_wet,Luau,Tilapia,Shreds and Bits,verified_name_match,1.0,tiki-luau-whole-foods-kapi-olani-luau-tilapia-in-tilapia-consomme,Luau,Whole Foods,Kapi'Olani Luau Tilapia in Tilapia Consommé,2026-09-26,True
fdsgw-p41r07,fdsg_wet,Luau,Wild Salmon,Shreds and Bits,verified_name_match,1.0,tiki-luau-whole-foods-hanalei-luau-wild-salmon-in-salmon-consomme,Luau,Whole Foods,Hanalei Luau Wild Salmon in Salmon Consommé,2026-09-26,True
fdsgw-p41r08,fdsg_wet,Luau,Wild Salmon & Chicken,Shreds and Bits,verified_name_match,1.0,tiki-luau-whole-foods-napili-luau-wild-salmon-and-chicken-in-chicken-consomme,Luau,Whole Foods,Napili Luau Wild Salmon & Chicken in Chicken Consommé,2026-09-26,True
fdsgw-p41r09,fdsg_wet,Luau Pate,Chicken & Egg in Chicken Broth,Pate/Fine ly Minced,verified_name_match,1.0,tiki-luau-pate-pate-chicken-and-egg-pate-in-chicken-broth,Luau,Pâté,Pate Chicken & Egg Pate in Chicken Broth,2026-09-26,True
fdsgw-p41r10,fdsg_wet,Luau Pate,Seabass in Seabass Broth,Pate/Fine ly Minced,verified_name_match,1.0,tiki-luau-pate-pate-seabass-pate-in-seabass-broth,Luau,Pâté,Pate Seabass Pate in Seabass Broth,2026-09-26,True
fdsgw-p41r11,fdsg_wet,Luau Pate,Succulent Chicken in Chicken Broth,Pate/Fine ly Minced,verified_name_match,1.0,tiki-luau-pate-pate-succulent-chicken-pate-in-broth,Luau,Pâté,Pate Succulent Chicken Pate in Broth,2026-09-26,True
fdsgw-p41r12,fdsg_wet,Luau Pate,Tilapia in Tilapia Broth,Pate/Fine ly Minced,verified_name_match,1.0,tiki-luau-pate-pate-tilapia-pate-in-tilapia-consomme,Luau,Pâté,Pate Tilapia Pate in Tilapia Consommé,2026-09-26,True
fdsgw-p42r01,fdsg_wet,Luau Pate,Tuna & Chicken in Tuna Broth,Pate/Fine ly Minced,verified_name_match,1.0,tiki-luau-pate-pate-tuna-and-chicken-pate-recipe-in-tuna-broth,Luau,Pâté,Pate Tuna & Chicken Pate Recipe in Tuna Broth,2026-09-26,True
fdsgw-p42r02,fdsg_wet,Luau Pate,Tuna & Mackerel in Tuna Broth,Pate/Fine ly Minced,verified_name_match,1.0,tiki-luau-pate-pate-tuna-and-mackerel-pate-in-tuna-broth,Luau,Pâté,Pate Tuna & Mackerel Pate in Tuna Broth,2026-09-26,True
fdsgw-p42r03,fdsg_wet,Luau Pate,Wild Salmon & Chicken in Salmon Broth,Pate/Fine ly Minced,verified_name_match,1.0,tiki-luau-pate-pate-wild-salmon-and-chicken-pate-in-salmon-broth,Luau,Pâté,Pate Wild Salmon & Chicken Pate in Salmon Broth,2026-09-26,True
fdsgw-p42r04,fdsg_wet,Luau Pate,Wild Salmon in Salmon Broth,Pate/Fine ly Minced,verified_name_match,1.0,tiki-luau-pate-pate-wild-salmon-pate-in-salmon-broth,Luau,Pâté,Pate Wild Salmon Pate in Salmon Broth,2026-09-26,True
fdsgw-p42r05,fdsg_wet,Luau Velvet,Chicken & Egg in Broth,Mousse,verified_name_match,1.0,tiki-velvet-mousse-mousse-velvet-mousse-chicken-and-egg-in-broth,Velvet Mousse,Mousse,Velvet Mousse Chicken & Egg in Broth,2026-09-26,True
fdsgw-p42r06,fdsg_wet,Luau Velvet,Chicken & Salmon in Broth,Mousse,verified_name_match,1.0,tiki-velvet-mousse-mousse-velvet-mousse-chicken-and-salmon-in-broth,Velvet Mousse,Mousse,Velvet Mousse Chicken & Salmon in Broth,2026-09-26,True
fdsgw-p42r07,fdsg_wet,Luau Velvet,Chicken in Broth,Mousse,verified_name_match,1.0,tiki-velvet-mousse-mousse-velvet-mousse-chicken-in-broth,Velvet Mousse,Mousse,Velvet Mousse Chicken in Broth,2026-09-26,True
fdsgw-p42r08,fdsg_wet,Luau Velvet,Salmon in Broth,Mousse,verified_name_match,1.0,tiki-velvet-mousse-mousse-velvet-mousse-salmon-in-broth,Velvet Mousse,Mousse,Velvet Mousse Salmon in Broth,2026-09-26,True
fdsgw-p42r09,fdsg_wet,Luau Velvet,Tuna & Chicken in Broth,Mousse,verified_name_match,1.0,tiki-velvet-mousse-mousse-velvet-mousse-tuna-and-chicken-in-broth,Velvet Mousse,Mousse,Velvet Mousse Tuna & Chicken in Broth,2026-09-26,True
fdsgw-p42r10,fdsg_wet,Luau Velvet,Tuna & Mackerel in Broth,Mousse,verified_name_match,1.0,tiki-velvet-mousse-mousse-velvet-mousse-tuna-and-mackerel-in-broth,Velvet Mousse,Mousse,Velvet Mousse Tuna & Mackerel in Broth,2026-09-26,True
fdsgw-p42r11,fdsg_wet,"Silver, 11+",Chicken & Pumpkin in Broth,Mousse,verified_name_match,1.0,tiki-silver-mousse-mousse-with-chicken-and-pumpkin-in-broth,Silver,Mousse,Mousse with Chicken & Pumpkin in Broth,2026-09-26,True
fdsgw-p42r12,fdsg_wet,"Silver, 11+",Chicken in Chicken Broth,Shreds,verified_name_match,1.0,tiki-silver-whole-foods-whole-foods-with-chicken-recipe,Silver,Whole Foods,Whole Foods with Chicken Recipe,2026-09-26,True
fdsgw-p43r01,fdsg_wet,"Silver, 11+","Chicken, Duck & Duck Liver in Broth",Shreds in Mousse,verified_name_match,1.0,tiki-silver-mousse-and-shreds-mousse-and-shreds-with-chicken-duck-and-duck-liver-recipe,Silver,Mousse & Shreds,"Mousse & Shreds with Chicken, Duck & Duck Liver Recipe",2026-09-26,True
fdsgw-p43r02,fdsg_wet,"Silver, 11+","Chicken, Salmon & Chicken Liver in Chicken Broth",Shreds in Mousse,verified_name_match,1.0,tiki-silver-mousse-and-shreds-mousse-and-shreds-chicken-salmon-and-chicken-liver-recipe,Silver,Mousse & Shreds,"Mousse & Shreds Chicken, Salmon & Chicken Liver Recipe",2026-09-26,True
fdsgw-p43r03,fdsg_wet,"Silver, 11+",Salmon & Pumpkin in Broth,Mousse,verified_name_match,1.0,tiki-silver-mousse-mousse-with-salmon-and-pumpkin-in-broth,Silver,Mousse,Mousse with Salmon & Pumpkin in Broth,2026-09-26,True
fdsgw-p43r04,fdsg_wet,"Silver, 11+",Tuna & Mackerel in Tuna Broth,Shreds,verified_name_match,1.0,tiki-silver-whole-foods-whole-foods-with-tuna-and-mackerel-recipe,Silver,Whole Foods,Whole Foods with Tuna & Mackerel Recipe,2026-09-26,True
fdsgw-p43r05,fdsg_wet,"Special, Fussy",Duck Liver & Egg in Broth,Mousse,verified_name_match,1.0,tiki-solutions-fussy-mousse-with-duck-liver-and-egg-recipe-in-broth,Solutions,Fussy,Mousse: With Duck Liver & Egg Recipe in Broth,2026-09-26,True
fdsgw-p43r06,fdsg_wet,"Special, Light","Chicken, Turkey & Pumpkin in Broth",Mousse,verified_name_match,1.0,tiki-solutions-light-mousse-chicken-turkey-and-pumpkin-recipe-in-broth,Solutions,Light,"Mousse: Chicken, Turkey & Pumpkin Recipe in Broth",2026-09-26,True
fdsgw-p43r07,fdsg_wet,"Special, Skin & Coat",Salmon in Broth,Mousse,verified_name_match,1.0,tiki-solutions-skin-and-coat-mousse-salmon-recipe-in-broth,Solutions,Skin & Coat,Mousse: Salmon Recipe in Broth,2026-09-26,True
fdsgw-p43r08,fdsg_wet,"Velvet, Kitten",Chicken & Chicken Liver in Broth,Mousse,verified_name_match,1.0,tiki-baby-mousse-mousse-chicken-and-chicken-liver-in-broth,Baby,Mousse,Mousse Chicken & Chicken Liver in Broth,2026-09-26,True
fdsgw-p43r09,fdsg_wet,"Velvet, Kitten",Salmon & Chicken in Broth,Mousse,verified_name_match,1.0,tiki-baby-mousse-mousse-salmon-and-chicken-in-broth,Baby,Mousse,Mousse Salmon & Chicken in Broth,2026-09-26,True
fdsgw-p43r10,fdsg_wet,"Velvet, Senior",Chicken & Pumpkin in Broth,Mousse,verified_name_match,1.0,tiki-silver-mousse-mousse-with-chicken-and-pumpkin-in-broth,Silver,Mousse,Mousse with Chicken & Pumpkin in Broth,2026-09-26,True
fdsgw-p43r11,fdsg_wet,"Velvet, Senior",Salmon & Pumpkin in Broth,Mousse,verified_name_match,1.0,tiki-silver-mousse-mousse-with-salmon-and-pumpkin-in-broth,Silver,Mousse,Mousse with Salmon & Pumpkin in Broth,2026-09-26,True
fdsgw-p43r12,fdsg_wet,Veterinary Formula,Chicken & Chicken Liver in Chicken Broth,Mousse,unresolved,0.0,,,,,,True
fdsgw-p44r01,fdsg_wet,Veterinary Formula,Chicken & Chicken Liver in Chicken Broth,Shreds,unresolved,0.0,,,,,,True
fdsgw-p44r02,fdsg_wet,Veterinary Formula,Tuna & Tilapia in Tuna Broth,Flaked,unresolved,0.0,,,,,,True
